condition,n,pass1,pre_gap,post_gap,state_belief,action_chance,two_action_chance,trajectory_chance,belief_revision_gain,stale_belief_persistence,mean_brier,ece
clue_removed,168,0.0119,0.5952,0.25,0.0238,0.2,0.04,7.5e-05,0.1471,0.0223,1.0063,0.457
full_audio,168,0.0119,0.6964,0.3512,0.0179,0.2,0.04,7.5e-05,-0.0091,0.0209,0.7866,0.3623
gap_no_state_change,168,0.0893,0.6786,0.3869,0.1964,0.2,0.04,7.5e-05,0.5963,0.0278,0.5503,0.2418
hidden_user_action,168,0.1786,0.6369,0.7202,0.256,0.2,0.04,7.5e-05,0.7496,0.0524,0.3953,0.1735
neutral_audio,168,0.006,0.6488,0.3155,0.0536,0.2,0.04,7.5e-05,0.2363,0.0131,0.7052,0.3206
prosody_high,168,0.006,0.6845,0.369,0.0714,0.2,0.04,1.9e-05,0.1939,0.0158,0.6896,0.3149
prosody_low,168,0.0357,0.6369,0.3214,0.0774,0.2,0.04,1.9e-05,0.0461,0.0229,0.7153,0.3269
state_change_short,168,0.0179,0.6369,0.3571,0.0595,0.2,0.04,7.5e-05,0.142,0.0174,0.6752,0.3143
transcript_only,168,0.1012,0.7738,0.3571,0.2143,0.2,0.04,7.5e-05,0.2821,0.0176,0.4717,0.1711
